Chromosome,chromStart,chromEnd,Marker
chr1,5654097,5654098,M965
chr1,5127275,5127276,M3266
chr1,11973220,11973221,M3676
chr1,14025597,14025598,M3839
chr1,11193055,11193056,M5201
chr1,12963833,12963834,M6548
chr1,2118453,2118454,M8381
chr1,12463945,12463946,M8904
chr1,2675410,2675411,M9666
chr1,6057615,6057616,M10115
chr1,4044882,4044883,M11700
chr1,911905,911906,M11803
chr1,2653967,2653968,M12903
chr1,3112551,3112552,M12922
chr1,7588941,7588942,M13580
chr1,2779490,2779491,M13758
chr1,3807313,3807314,M13970
chr1,1269107,1269108,M14443
chr1,8316907,8316908,M14852
chr1,12288380,12288381,M15814
chr1,11243797,11243798,M15843
chr1,12992374,12992375,M17149
chr1,13720385,13720386,M20397
chr1,1572661,1572662,M21560
chr1,577311,577312,M23003
chr1,8965573,8965574,M23295
chr1,11089613,11089614,M23855
chr1,11001284,11001285,M24036
chr1,10927113,10927114,M25342
chr1,10153358,10153359,M26291
chr1,6461583,6461584,M27087
chr1,2373913,2373914,M27781
chr1,1073702,1073703,M27994
chr1,9664137,9664138,M28596
chr1,6301597,6301598,M28656
chr1,910590,910591,M29027
chr1,1002220,1002221,M30022
chr1,1528121,1528122,M30872
chr1,8992165,8992166,M32369
chr1,13126647,13126648,M33142
chr1,14024175,14024176,M33853
chr1,8953552,8953553,M34235
chr1,7783811,7783812,M34726
chr1,1002134,1002135,M34884
chr1,9157417,9157418,M35041
chr1,1225290,1225291,M35076
chr1,5451933,5451934,M35744
chr1,767098,767099,M36036
chr1,8573951,8573952,M36173
chr1,13073364,13073365,M36210
chr1,9640299,9640300,M36787
chr1,4034827,4034828,M36925
chr1,6574415,6574416,M37348
chr1,7604725,7604726,M38252
chr1,1958663,1958664,M38307
chr1,2786210,2786211,M38333
chr1,11973134,11973135,M39460
chr1,3561099,3561100,M39698
chr1,8289103,8289104,M40120
chr1,297349,297350,M40259
chr1,2118367,2118368,M40296
chr1,10688587,10688588,M42383
chr1,12980647,12980648,M43035
chr1,11969694,11969695,M43519
chr10,10367894,10367895,M696
chr10,5661631,5661632,M1055
chr10,3844690,3844691,M1321
chr10,2561386,2561387,M1377
chr10,7055707,7055708,M1843
chr10,2590637,2590638,M2636
chr10,10334317,10334318,M6892
chr10,1308577,1308578,M7381
chr10,4873808,4873809,M7863
chr10,9494635,9494636,M12758
chr10,5782214,5782215,M13144
chr10,9741769,9741770,M15568
chr10,4566796,4566797,M16827
chr10,7563521,7563522,M16856
chr10,2453505,2453506,M18237
chr10,2625515,2625516,M18318
chr10,6373942,6373943,M18523
chr10,7577379,7577380,M18683
chr10,9231320,9231321,M22157
chr10,2684569,2684570,M22905
chr10,2266341,2266342,M23061
chr10,8495569,8495570,M24513
chr10,4415526,4415527,M25250
chr10,973005,973006,M26106
chr10,637065,637066,M26490
chr10,6818344,6818345,M26901
chr10,4532983,4532984,M29286
chr10,5090864,5090865,M29935
chr10,10112784,10112785,M30105
chr10,1595808,1595809,M30490
chr10,4306106,4306107,M30940
chr10,8343048,8343049,M31646
chr10,9696171,9696172,M33519
chr10,4780041,4780042,M33696
chr10,10283690,10283691,M34075
chr10,185263,185264,M34638
chr10,5513199,5513200,M36640
chr10,5797902,5797903,M37104
chr10,8901680,8901681,M37202
chr10,8378577,8378578,M38919
chr10,1313528,1313529,M39771
chr10,5799520,5799521,M40771
chr10,8986829,8986830,M40912
chr10,1803842,1803843,M45375
chr10,9596592,9596593,M45753
chr11,1373227,1373228,M661
chr11,6868964,6868965,M1091
chr11,4959847,4959848,M2477
chr11,5929618,5929619,M3103
chr11,6159534,6159535,M3997
chr11,1322364,1322365,M4220
chr11,3561855,3561856,M4260
chr11,4595810,4595811,M6699
chr11,9119240,9119241,M7136
chr11,3909841,3909842,M8373
chr11,7400035,7400036,M9060
chr11,2247064,2247065,M9225
chr11,2286573,2286574,M10050
chr11,6159620,6159621,M10167
chr11,9459132,9459133,M10697
chr11,5121510,5121511,M13299
chr11,1150288,1150289,M13558
chr11,2345018,2345019,M14139
chr11,3090213,3090214,M14997
chr11,1873545,1873546,M15173
chr11,656489,656490,M15617
chr11,3608668,3608669,M17222
chr11,7294147,7294148,M17439
chr11,2874714,2874715,M17937
chr11,3101055,3101056,M18993
chr11,2259345,2259346,M20998
chr11,7384008,7384009,M21485
chr11,6683912,6683913,M23315
chr11,4598165,4598166,M23535
chr11,1390383,1390384,M24940
chr11,3338695,3338696,M26344
chr11,3862986,3862987,M26884
chr11,2286487,2286488,M27834
chr11,2779383,2779384,M28614
chr11,5527377,5527378,M29942
chr11,605495,605496,M30995
chr11,2730149,2730150,M34114
chr11,3696166,3696167,M35654
chr11,5134509,5134510,M36727
chr11,1821713,1821714,M37012
chr11,8737397,8737398,M37257
chr11,5897276,5897277,M37276
chr11,6154199,6154200,M37857
chr11,2519468,2519469,M37873
chr11,1197084,1197085,M39105
chr11,117230,117231,M40054
chr11,6075228,6075229,M40663
chr11,2130168,2130169,M40697
chr11,7568222,7568223,M42611
chr11,7074254,7074255,M42992
chr11,8804988,8804989,M45532
chr12,2047845,2047846,M684
chr12,8131049,8131050,M822
chr12,1709243,1709244,M949
chr12,7822589,7822590,M2519
chr12,297274,297275,M2589
chr12,4575678,4575679,M3759
chr12,9280817,9280818,M4917
chr12,8935426,8935427,M6403
chr12,8081903,8081904,M8519
chr12,874414,874415,M8717
chr12,3717656,3717657,M10732
chr12,965236,965237,M14825
chr12,3970309,3970310,M15592
chr12,6087749,6087750,M16495
chr12,2347997,2347998,M17076
chr12,5858964,5858965,M17738
chr12,2695064,2695065,M18248
chr12,733035,733036,M20213
chr12,1825630,1825631,M23190
chr12,8159204,8159205,M23881
chr12,8550277,8550278,M24267
chr12,8146548,8146549,M25977
chr12,4402569,4402570,M28319
chr12,6665502,6665503,M28790
chr12,830617,830618,M29072
chr12,7827930,7827931,M29123
chr12,8582078,8582079,M29191
chr12,8140147,8140148,M30291
chr12,685079,685080,M30669
chr12,8896797,8896798,M30905
chr12,7763004,7763005,M34356
chr12,8653446,8653447,M35239
chr12,8514401,8514402,M35714
chr12,322123,322124,M36778
chr12,249820,249821,M39325
chr12,249734,249735,M39575
chr12,4363674,4363675,M40427
chr12,987545,987546,M41022
chr12,4531177,4531178,M41250
chr12,3093360,3093361,M41457
chr12,6175139,6175140,M41749
chr12,2947857,2947858,M42671
chr12,8541353,8541354,M44219
chr12,1711166,1711167,M45094
chr12,1400505,1400506,M45383
chr13,201610,201611,M1298
chr13,7885693,7885694,M1496
chr13,2138499,2138500,M2223
chr13,8361754,8361755,M2371
chr13,1902360,1902361,M2407
chr13,6748172,6748173,M3431
chr13,6595455,6595456,M5021
chr13,6526111,6526112,M6683
chr13,701049,701050,M7189
chr13,2726899,2726900,M7764
chr13,6888233,6888234,M8074
chr13,7266910,7266911,M9295
chr13,704313,704314,M12045
chr13,9042896,9042897,M12128
chr13,7340013,7340014,M12275
chr13,331674,331675,M12452
chr13,2209921,2209922,M13401
chr13,1465186,1465187,M13722
chr13,4918873,4918874,M14342
chr13,378721,378722,M14633
chr13,1400617,1400618,M16122
chr13,6230348,6230349,M16542
chr13,2494270,2494271,M17033
chr13,4892929,4892930,M18053
chr13,5149712,5149713,M18118
chr13,7670566,7670567,M18988
chr13,6229978,6229979,M21209
chr13,9085299,9085300,M22453
chr13,4016493,4016494,M24645
chr13,8717270,8717271,M26907
chr13,6748086,6748087,M27590
chr13,7630445,7630446,M27787
chr13,1576170,1576171,M28024
chr13,7266996,7266997,M29750
chr13,3597891,3597892,M30469
chr13,1986467,1986468,M31010
chr13,8719210,8719211,M31633
chr13,6144298,6144299,M31761
chr13,7090208,7090209,M32012
chr13,2987105,2987106,M33116
chr13,2167558,2167559,M33824
chr13,1043003,1043004,M36459
chr13,4056250,4056251,M38062
chr13,8714082,8714083,M38913
chr13,1833877,1833878,M39548
chr13,4275839,4275840,M40016
chr13,7509600,7509601,M40547
chr13,6447627,6447628,M40653
chr13,4392220,4392221,M43633
chr13,7509686,7509687,M43655
chr13,8854436,8854437,M44321
chr14,6595784,6595785,M679
chr14,6046032,6046033,M1708
chr14,8014339,8014340,M4002
chr14,5509030,5509031,M5226
chr14,7230699,7230700,M6635
chr14,6476249,6476250,M7990
chr14,4230783,4230784,M9817
chr14,784476,784477,M11529
chr14,2711368,2711369,M11681
chr14,6269880,6269881,M11723
chr14,6131036,6131037,M12126
chr14,6925119,6925120,M12129
chr14,7450358,7450359,M12512
chr14,2409305,2409306,M12663
chr14,7351036,7351037,M13825
chr14,960754,960755,M13891
chr14,7725867,7725868,M14664
chr14,1435615,1435616,M15607
chr14,6560208,6560209,M17048
chr14,4551039,4551040,M19777
chr14,7358734,7358735,M23134
chr14,960840,960841,M25941
chr14,595179,595180,M30009
chr14,5749354,5749355,M32423
chr14,2669836,2669837,M32723
chr14,1559111,1559112,M33074
chr14,6390922,6390923,M33218
chr14,8625668,8625669,M34343
chr14,6927536,6927537,M34363
chr14,1509617,1509618,M37211
chr14,7352420,7352421,M37837
chr14,6131037,6131038,M37953
chr14,3824592,3824593,M38537
chr14,7938507,7938508,M40649
chr14,3244544,3244545,M42098
chr15,2150754,2150755,M3199
chr15,231340,231341,M3513
chr15,6757368,6757369,M4300
chr15,6541178,6541179,M5532
chr15,2888617,2888618,M5902
chr15,3206181,3206182,M6650
chr15,1797551,1797552,M6947
chr15,234673,234674,M9779
chr15,811764,811765,M10307
chr15,6040846,6040847,M11013
chr15,6225027,6225028,M12915
chr15,6011806,6011807,M13109
chr15,5713404,5713405,M13574
chr15,334523,334524,M14949
chr15,1708763,1708764,M15527
chr15,610032,610033,M15969
chr15,7299252,7299253,M16179
chr15,5995496,5995497,M19468
chr15,2831101,2831102,M19778
chr15,3263650,3263651,M20065
chr15,3768408,3768409,M20337
chr15,3130096,3130097,M21445
chr15,925157,925158,M21699
chr15,572674,572675,M21880
chr15,4521332,4521333,M23515
chr15,372140,372141,M24800
chr15,244316,244317,M26194
chr15,3768494,3768495,M27365
chr15,278127,278128,M27976
chr15,5370041,5370042,M30227
chr15,8654072,8654073,M30292
chr15,3919835,3919836,M30960
chr15,7994230,7994231,M31012
chr15,6726125,6726126,M31359
chr15,7902213,7902214,M32028
chr15,7810007,7810008,M32118
chr15,7842144,7842145,M32553
chr15,1255265,1255266,M33857
chr15,7905333,7905334,M33891
chr15,5208842,5208843,M33951
chr15,739649,739650,M35437
chr15,7859624,7859625,M35589
chr15,372054,372055,M35931
chr15,2492112,2492113,M36050
chr15,6457980,6457981,M36917
chr15,5442919,5442920,M38288
chr15,670153,670154,M40205
chr15,7493691,7493692,M40939
chr15,7700641,7700642,M41646
chr15,1534954,1534955,M42246
chr15,8568949,8568950,M43660
chr16,100984,100985,M741
chr16,1261469,1261470,M1130
chr16,2401734,2401735,M1369
chr16,896722,896723,M1425
chr16,2744729,2744730,M1654
chr16,3351678,3351679,M2369
chr16,4757581,4757582,M2791
chr16,2458487,2458488,M4499
chr16,1827467,1827468,M7270
chr16,7041490,7041491,M7463
chr16,897646,897647,M9482
chr16,7941427,7941428,M9704
chr16,5508608,5508609,M10984
chr16,4779156,4779157,M11169
chr16,2434058,2434059,M11704
chr16,5086396,5086397,M11759
chr16,4003080,4003081,M12433
chr16,1009835,1009836,M12647
chr16,1401542,1401543,M12780
chr16,3483609,3483610,M13810
chr16,7035303,7035304,M13999
chr16,7314672,7314673,M14788
chr16,7291049,7291050,M17202
chr16,6056706,6056707,M17315
chr16,3058759,3058760,M20182
chr16,4757667,4757668,M22964
chr16,1261555,1261556,M24947
chr16,3289674,3289675,M26016
chr16,4373566,4373567,M27820
chr16,7041576,7041577,M28473
chr16,3952166,3952167,M29367
chr16,3966275,3966276,M29424
chr16,4743861,4743862,M29891
chr16,3286352,3286353,M29893
chr16,7353764,7353765,M30973
chr16,7890981,7890982,M32585
chr16,5500964,5500965,M32685
chr16,4378972,4378973,M32868
chr16,3571593,3571594,M33565
chr16,7342623,7342624,M35412
chr16,6985658,6985659,M35429
chr16,2762600,2762601,M37978
chr16,343577,343578,M38130
chr16,1707760,1707761,M38263
chr16,6061842,6061843,M38996
chr16,3052869,3052870,M40778
chr16,4245199,4245200,M41971
chr16,5956845,5956846,M43716
chr16,7284049,7284050,M45356
chr17,6902411,6902412,M3462
chr17,1170529,1170530,M5194
chr17,5259311,5259312,M5415
chr17,2089162,2089163,M6466
chr17,1300660,1300661,M8564
chr17,3545345,3545346,M9098
chr17,7354686,7354687,M9604
chr17,1670132,1670133,M9928
chr17,1051467,1051468,M10524
chr17,2702107,2702108,M11199
chr17,3211936,3211937,M12350
chr17,7221702,7221703,M14068
chr17,2691052,2691053,M15842
chr17,5914857,5914858,M16249
chr17,3973987,3973988,M16256
chr17,4352317,4352318,M17083
chr17,4108585,4108586,M17516
chr17,965110,965111,M18182
chr17,6061215,6061216,M18189
chr17,5333250,5333251,M20555
chr17,8040449,8040450,M20713
chr17,7452632,7452633,M20963
chr17,4352403,4352404,M21663
chr17,5562461,5562462,M22014
chr17,7087950,7087951,M22371
chr17,1172154,1172155,M23026
chr17,3784359,3784360,M23848
chr17,2282038,2282039,M24410
chr17,152643,152644,M26237
chr17,175386,175387,M30138
chr17,2286193,2286194,M30182
chr17,4495987,4495988,M35643
chr17,717476,717477,M36026
chr17,1531772,1531773,M36463
chr17,1242421,1242422,M38050
chr17,2535375,2535376,M38740
chr17,5008284,5008285,M40821
chr17,8040535,8040536,M43114
chr18,4899861,4899862,M1446
chr18,8269239,8269240,M1789
chr18,7597733,7597734,M5369
chr18,7059990,7059991,M5801
chr18,5163492,5163493,M6166
chr18,6715411,6715412,M6504
chr18,2727939,2727940,M7758
chr18,1334223,1334224,M8239
chr18,4391436,4391437,M8386
chr18,1245009,1245010,M8487
chr18,3724193,3724194,M9529
chr18,4866213,4866214,M9601
chr18,4944610,4944611,M9954
chr18,5545667,5545668,M10385
chr18,1058727,1058728,M10390
chr18,8177815,8177816,M10510
chr18,8354101,8354102,M10891
chr18,6649911,6649912,M11465
chr18,6799105,6799106,M11580
chr18,536086,536087,M16162
chr18,1786631,1786632,M17514
chr18,1148132,1148133,M19064
chr18,6795535,6795536,M19420
chr18,2552097,2552098,M20442
chr18,8044401,8044402,M21705
chr18,7761977,7761978,M21984
chr18,4823528,4823529,M23261
chr18,6695198,6695199,M23870
chr18,1364824,1364825,M24525
chr18,4866127,4866128,M25107
chr18,3065126,3065127,M26262
chr18,4962236,4962237,M27092
chr18,7059904,7059905,M27338
chr18,1021360,1021361,M28738
chr18,1993174,1993175,M29884
chr18,8295316,8295317,M30656
chr18,346620,346621,M33254
chr18,4229518,4229519,M33686
chr18,6036825,6036826,M36440
chr18,6367787,6367788,M36878
chr18,2556585,2556586,M39125
chr18,5180891,5180892,M39154
chr18,3452954,3452955,M41797
chr18,4225497,4225498,M42548
chr18,1370522,1370523,M43133
chr18,110647,110648,M43606
chr18,3823779,3823780,M44057
chr18,3073599,3073600,M44863
chr18,7281511,7281512,M45176
chr19,1582776,1582777,M356
chr19,7130336,7130337,M3322
chr19,6078478,6078479,M5009
chr19,8065727,8065728,M7648
chr19,3405106,3405107,M8167
chr19,3098371,3098372,M8689
chr19,1883773,1883774,M9860
chr19,6526752,6526753,M11291
chr19,2427838,2427839,M13357
chr19,328358,328359,M13430
chr19,6910477,6910478,M14965
chr19,3433689,3433690,M15870
chr19,8122755,8122756,M16884
chr19,1829261,1829262,M16910
chr19,5101160,5101161,M17839
chr19,3298475,3298476,M18614
chr19,4036061,4036062,M19150
chr19,5519096,5519097,M21075
chr19,1480753,1480754,M21689
chr19,7624724,7624725,M23570
chr19,5072892,5072893,M23961
chr19,6539000,6539001,M24909
chr19,7454499,7454500,M30057
chr19,1035541,1035542,M33377
chr19,7000523,7000524,M33742
chr19,1480667,1480668,M34534
chr19,7624810,7624811,M37934
chr19,1964611,1964612,M38085
chr19,7894955,7894956,M38875
chr19,2754286,2754287,M39236
chr19,4634518,4634519,M41461
chr2,12625115,12625116,M929
chr2,12607603,12607604,M1122
chr2,12642732,12642733,M1565
chr2,5795774,5795775,M2145
chr2,12371697,12371698,M2607
chr2,11567338,11567339,M2936
chr2,11475293,11475294,M3179
chr2,7644829,7644830,M3188
chr2,7661325,7661326,M3615
chr2,1626071,1626072,M5299
chr2,4016114,4016115,M6222
chr2,10921271,10921272,M7450
chr2,2070467,2070468,M7618
chr2,5112608,5112609,M8060
chr2,7508289,7508290,M8427
chr2,7255016,7255017,M8571
chr2,6400870,6400871,M8709
chr2,4386611,4386612,M10176
chr2,7509590,7509591,M10521
chr2,7749122,7749123,M11427
chr2,2070553,2070554,M12574
chr2,2702464,2702465,M12965
chr2,6621127,6621128,M13178
chr2,5959084,5959085,M13438
chr2,1241553,1241554,M15088
chr2,4809638,4809639,M15263
chr2,9857192,9857193,M15925
chr2,9672025,9672026,M16678
chr2,9920202,9920203,M17154
chr2,9868443,9868444,M17814
chr2,7274017,7274018,M18133
chr2,3799570,3799571,M18572
chr2,1667808,1667809,M19185
chr2,9840155,9840156,M19662
chr2,9907672,9907673,M20443
chr2,8626447,8626448,M20914
chr2,7498508,7498509,M21905
chr2,4635694,4635695,M22551
chr2,7172496,7172497,M23551
chr2,8185802,8185803,M23748
chr2,2334274,2334275,M23878
chr2,6433560,6433561,M29490
chr2,7926675,7926676,M30255
chr2,9840069,9840070,M30371
chr2,8752662,8752663,M32068
chr2,6433474,6433475,M32254
chr2,7476319,7476320,M33067
chr2,9879517,9879518,M33548
chr2,2462099,2462100,M34014
chr2,5433818,5433819,M34367
chr2,12504544,12504545,M35560
chr2,7255102,7255103,M35653
chr2,9857106,9857107,M36122
chr2,6523845,6523846,M36411
chr2,8878384,8878385,M36712
chr2,7512146,7512147,M36993
chr2,3835844,3835845,M39812
chr2,3908547,3908548,M40097
chr2,8178360,8178361,M40934
chr2,10048601,10048602,M40945
chr2,4509772,4509773,M42204
chr2,2859250,2859251,M42253
chr2,3933804,3933805,M43537
chr2,5791992,5791993,M43921
chr2,11622175,11622176,M45333
chr2,9920288,9920289,M45745
chr20,956938,956939,M2661
chr20,6107824,6107825,M2754
chr20,7742290,7742291,M3318
chr20,911942,911943,M3372
chr20,956852,956853,M6084
chr20,2148504,2148505,M8263
chr20,845542,845543,M11991
chr20,5889315,5889316,M14922
chr20,613955,613956,M15069
chr20,6108832,6108833,M15223
chr20,4980210,4980211,M15463
chr20,1380009,1380010,M15513
chr20,6724973,6724974,M15654
chr20,912028,912029,M15956
chr20,7192196,7192197,M16297
chr20,2368157,2368158,M16850
chr20,7426327,7426328,M18067
chr20,6721054,6721055,M19126
chr20,2629523,2629524,M21844
chr20,1715356,1715357,M23537
chr20,542334,542335,M25799
chr20,3135958,3135959,M26504
chr20,1339720,1339721,M26803
chr20,6065250,6065251,M27594
chr20,7884647,7884648,M29346
chr20,3336323,3336324,M29665
chr20,2426932,2426933,M31718
chr20,4849858,4849859,M31998
chr20,7963972,7963973,M32168
chr20,1902963,1902964,M32284
chr20,6764606,6764607,M34175
chr20,3997225,3997226,M34599
chr20,5843406,5843407,M34636
chr20,2028379,2028380,M35345
chr20,6587150,6587151,M38845
chr20,5669404,5669405,M39740
chr20,2629609,2629610,M42526
chr20,2131324,2131325,M43147
chr20,3284611,3284612,M45362
chr21,3235810,3235811,M405
chr21,1529118,1529119,M1877
chr21,1162530,1162531,M2760
chr21,3785188,3785189,M2981
chr21,6887507,6887508,M3098
chr21,5293228,5293229,M3786
chr21,4158428,4158429,M4080
chr21,4209911,4209912,M4099
chr21,6649121,6649122,M4763
chr21,2389041,2389042,M5942
chr21,3756734,3756735,M6178
chr21,2880197,2880198,M7659
chr21,5841580,5841581,M8676
chr21,3100260,3100261,M8835
chr21,2674481,2674482,M11060
chr21,1875279,1875280,M13234
chr21,3471342,3471343,M13337
chr21,6830210,6830211,M13443
chr21,4807539,4807540,M15097
chr21,3432938,3432939,M15878
chr21,3057318,3057319,M16938
chr21,6313455,6313456,M17922
chr21,2917691,2917692,M18642
chr21,3273541,3273542,M19583
chr21,5650277,5650278,M20020
chr21,5841666,5841667,M24178
chr21,6975747,6975748,M24232
chr21,7317834,7317835,M25814
chr21,2434326,2434327,M26501
chr21,6768972,6768973,M26640
chr21,3130577,3130578,M27410
chr21,1415000,1415001,M27435
chr21,7585300,7585301,M29558
chr21,3619071,3619072,M30077
chr21,1504915,1504916,M31505
chr21,7150890,7150891,M35034
chr21,6232323,6232324,M36299
chr21,6836449,6836450,M36313
chr21,5736372,5736373,M37179
chr21,5869961,5869962,M39484
chr21,6830124,6830125,M41004
chr21,5787357,5787358,M42368
chr21,5784681,5784682,M43275
chr21,5272390,5272391,M43830
chr21,7396872,7396873,M44579
chr22,2437553,2437554,M1227
chr22,2861262,2861263,M3438
chr22,7521340,7521341,M5946
chr22,6275217,6275218,M8971
chr22,1782120,1782121,M10644
chr22,6741340,6741341,M14214
chr22,6194629,6194630,M16076
chr22,2821874,2821875,M16467
chr22,2830819,2830820,M17240
chr22,2821788,2821789,M19439
chr22,2797959,2797960,M20566
chr22,7845134,7845135,M21020
chr22,5262852,5262853,M21812
chr22,7845048,7845049,M34378
chr22,3033346,3033347,M38081
chr22,2840875,2840876,M41274
chr22,5778418,5778419,M42682
chr22,7359624,7359625,M45528
chr23,419188,419189,M205
chr23,1870557,1870558,M248
chr23,5229709,5229710,M2616
chr23,7272012,7272013,M4070
chr23,6348129,6348130,M4638
chr23,5458450,5458451,M5129
chr23,237975,237976,M6391
chr23,2497452,2497453,M7787
chr23,5866389,5866390,M8174
chr23,927342,927343,M9037
chr23,5932685,5932686,M11333
chr23,3158754,3158755,M12952
chr23,6254588,6254589,M15695
chr23,2863663,2863664,M15777
chr23,2621077,2621078,M17867
chr23,2627978,2627979,M18303
chr23,2286176,2286177,M21828
chr23,6842580,6842581,M22733
chr23,3066656,3066657,M23408
chr23,3684667,3684668,M23673
chr23,4928811,4928812,M25143
chr23,6595996,6595997,M27506
chr23,2296939,2296940,M28315
chr23,7504182,7504183,M29569
chr23,2174184,2174185,M29650
chr23,6863309,6863310,M29776
chr23,6259616,6259617,M32158
chr23,6201286,6201287,M32904
chr23,1573860,1573861,M33864
chr23,781170,781171,M34673
chr23,1558469,1558470,M36638
chr23,830694,830695,M37011
chr23,438478,438479,M38998
chr23,6552478,6552479,M41370
chr23,4504651,4504652,M41962
chr23,3167066,3167067,M45654
chr24,5160820,5160821,M494
chr24,7409422,7409423,M968
chr24,4176145,4176146,M2478
chr24,971550,971551,M2593
chr24,3101821,3101822,M5031
chr24,388940,388941,M5302
chr24,147876,147877,M7725
chr24,815222,815223,M7948
chr24,250105,250106,M10506
chr24,4624894,4624895,M10659
chr24,6067437,6067438,M11170
chr24,498135,498136,M11357
chr24,4123450,4123451,M12623
chr24,7305629,7305630,M16141
chr24,2024536,2024537,M16941
chr24,4209829,4209830,M18056
chr24,4626720,4626721,M19553
chr24,247010,247011,M20174
chr24,4123364,4123365,M20842
chr24,5099728,5099729,M20991
chr24,5587638,5587639,M25921
chr24,4624808,4624809,M27024
chr24,1344401,1344402,M31397
chr24,4820351,4820352,M32042
chr24,1405929,1405930,M33241
chr24,5873180,5873181,M34181
chr24,1936576,1936577,M34432
chr24,7514555,7514556,M37808
chr24,4572458,4572459,M40424
chr24,2295070,2295071,M41201
chr24,1948900,1948901,M44448
chr24,3983367,3983368,M45557
chr25,1432390,1432391,M437
chr25,1658347,1658348,M471
chr25,3882151,3882152,M948
chr25,5186675,5186676,M3540
chr25,2430032,2430033,M3541
chr25,4689361,4689362,M4025
chr25,5639015,5639016,M4153
chr25,1415629,1415630,M5437
chr25,1114485,1114486,M6773
chr25,5479577,5479578,M12067
chr25,2631057,2631058,M12072
chr25,4753398,4753399,M12296
chr25,1163127,1163128,M12538
chr25,604742,604743,M13006
chr25,3452883,3452884,M13376
chr25,5186589,5186590,M14577
chr25,1784613,1784614,M15447
chr25,2415818,2415819,M15803
chr25,2411435,2411436,M16622
chr25,1010332,1010333,M16824
chr25,6501169,6501170,M18489
chr25,5249873,5249874,M18979
chr25,5315299,5315300,M18986
chr25,426316,426317,M19009
chr25,6040623,6040624,M21398
chr25,5422334,5422335,M22965
chr25,6988408,6988409,M25747
chr25,4272333,4272334,M26487
chr25,4358085,4358086,M26815
chr25,559401,559402,M28073
chr25,4347537,4347538,M30472
chr25,322273,322274,M31280
chr25,6965248,6965249,M32351
chr25,1010246,1010247,M32623
chr25,2253750,2253751,M33106
chr25,3799654,3799655,M34203
chr25,4442377,4442378,M34279
chr25,1613195,1613196,M34829
chr25,2411349,2411350,M36006
chr25,1103425,1103426,M38876
chr25,1596195,1596196,M39707
chr25,5765628,5765629,M40173
chr25,5672371,5672372,M40655
chr25,5616904,5616905,M42519
chr25,2753535,2753536,M43025
chr25,6507891,6507892,M43779
chr25,3800917,3800918,M44272
chr25,4494434,4494435,M44329
chr25,1163041,1163042,M44765
chr26,1468477,1468478,M551
chr26,1020943,1020944,M1436
chr26,1358317,1358318,M2487
chr26,295492,295493,M2599
chr26,961617,961618,M3043
chr26,6487026,6487027,M3731
chr26,368442,368443,M3957
chr26,5897238,5897239,M8015
chr26,5173189,5173190,M9836
chr26,6303747,6303748,M10052
chr26,1169761,1169762,M10718
chr26,1801899,1801900,M11428
chr26,1205220,1205221,M11595
chr26,301812,301813,M12957
chr26,5319151,5319152,M13290
chr26,674626,674627,M13499
chr26,6517944,6517945,M16865
chr26,3597439,3597440,M18902
chr26,5216140,5216141,M19190
chr26,1173746,1173747,M19361
chr26,2181316,2181317,M20628
chr26,2452554,2452555,M21320
chr26,1513056,1513057,M22078
chr26,6152265,6152266,M26054
chr26,5034648,5034649,M26076
chr26,4332344,4332345,M27611
chr26,998165,998166,M27990
chr26,2354663,2354664,M28000
chr26,4320992,4320993,M28951
chr26,3991495,3991496,M28953
chr26,2763451,2763452,M29031
chr26,1570978,1570979,M29723
chr26,4648365,4648366,M30914
chr26,492911,492912,M37056
chr26,281689,281690,M38978
chr26,4384186,4384187,M40497
chr26,4501239,4501240,M41086
chr26,3600066,3600067,M41355
chr26,3306631,3306632,M41686
chr26,5897324,5897325,M43297
chr26,295406,295407,M43339
chr26,1203815,1203816,M43982
chr26,2181230,2181231,M44084
chr26,506932,506933,M44471
chr26,5169368,5169369,M44648
chr27,4391389,4391390,M1800
chr27,4718849,4718850,M9935
chr27,1418980,1418981,M12560
chr27,3348290,3348291,M16982
chr27,4510909,4510910,M18940
chr27,3354780,3354781,M18975
chr27,6305388,6305389,M30087
chr27,879648,879649,M30660
chr27,3724166,3724167,M31271
chr27,4305213,4305214,M34701
chr27,6514023,6514024,M37368
chr27,4505157,4505158,M42863
chr27,3061244,3061245,M43325
chr28,4921695,4921696,M102
chr28,4796852,4796853,M2348
chr28,3110492,3110493,M3501
chr28,5374821,5374822,M5625
chr28,6076609,6076610,M7646
chr28,5935156,5935157,M8953
chr28,752674,752675,M9825
chr28,3344051,3344052,M10044
chr28,6834547,6834548,M11505
chr28,4599382,4599383,M15172
chr28,3924905,3924906,M17046
chr28,5540963,5540964,M19499
chr28,6517904,6517905,M25877
chr28,2056054,2056055,M26980
chr28,2482073,2482074,M27160
chr28,3518709,3518710,M27175
chr28,4917224,4917225,M31238
chr28,5210574,5210575,M31950
chr28,1958634,1958635,M33013
chr28,3106809,3106810,M33136
chr28,6465774,6465775,M34659
chr28,3251754,3251755,M35142
chr28,2570863,2570864,M35408
chr28,3346901,3346902,M35848
chr28,4013240,4013241,M35962
chr28,6463139,6463140,M36660
chr28,4055747,4055748,M37079
chr28,4617029,4617030,M37751
chr28,4013154,4013155,M38572
chr28,5398625,5398626,M38793
chr28,6189784,6189785,M38799
chr28,794600,794601,M40222
chr28,3346987,3346988,M40662
chr28,1046383,1046384,M41544
chr28,5466047,5466048,M42965
chr28,4027060,4027061,M43556
chr28,5475915,5475916,M43687
chr28,3106895,3106896,M45056
chr29,2952574,2952575,M1510
chr29,1050043,1050044,M2973
chr29,4060455,4060456,M3828
chr29,1444915,1444916,M4767
chr29,2047581,2047582,M6388
chr29,2606651,2606652,M6949
chr29,1320220,1320221,M8764
chr29,1469675,1469676,M9489
chr29,2104430,2104431,M11969
chr29,5521682,5521683,M12272
chr29,3739629,3739630,M17234
chr29,2606565,2606566,M18934
chr29,713349,713350,M19135
chr29,725587,725588,M19708
chr29,4556148,4556149,M22026
chr29,2046444,2046445,M22244
chr29,796512,796513,M35605
chr29,4035328,4035329,M36469
chr29,593783,593784,M36603
chr29,2694803,2694804,M36608
chr29,3722477,3722478,M36729
chr29,3023197,3023198,M38557
chr29,674542,674543,M40606
chr3,5370636,5370637,M792
chr3,2789178,2789179,M1178
chr3,4658270,4658271,M1904
chr3,11797756,11797757,M2339
chr3,715886,715887,M2436
chr3,12510658,12510659,M2611
chr3,12756833,12756834,M2630
chr3,10305890,10305891,M2975
chr3,12731450,12731451,M4417
chr3,11644865,11644866,M4705
chr3,12034743,12034744,M4918
chr3,9459400,9459401,M5828
chr3,9295324,9295325,M7371
chr3,9384808,9384809,M9569
chr3,12412083,12412084,M9993
chr3,7990974,7990975,M12171
chr3,944729,944730,M12548
chr3,8610096,8610097,M12722
chr3,6396070,6396071,M13107
chr3,4777081,4777082,M13195
chr3,3041400,3041401,M13258
chr3,4673724,4673725,M13607
chr3,10476855,10476856,M14198
chr3,3213014,3213015,M14280
chr3,7919613,7919614,M14347
chr3,12023825,12023826,M14456
chr3,8635588,8635589,M14563
chr3,6662488,6662489,M14780
chr3,9296604,9296605,M14937
chr3,3605385,3605386,M15018
chr3,12460438,12460439,M15647
chr3,7408109,7408110,M16294
chr3,2875158,2875159,M16869
chr3,11074032,11074033,M17245
chr3,8376113,8376114,M17323
chr3,12331605,12331606,M17466
chr3,11109491,11109492,M17625
chr3,11652851,11652852,M17693
chr3,12192350,12192351,M17701
chr3,12644159,12644160,M17784
chr3,3365997,3365998,M18239
chr3,9065815,9065816,M18305
chr3,8297696,8297697,M18638
chr3,4777081,4777082,M18947
chr3,9719148,9719149,M18982
chr3,7215859,7215860,M19117
chr3,7408023,7408024,M19475
chr3,4928763,4928764,M21126
chr3,4186063,4186064,M21718
chr3,3041486,3041487,M22382
chr3,12645119,12645120,M24499
chr3,4657331,4657332,M25431
chr3,6223317,6223318,M25444
chr3,2817255,2817256,M26244
chr3,9722770,9722771,M27920
chr3,9026310,9026311,M28130
chr3,11601044,11601045,M28965
chr3,706252,706253,M29994
chr3,3079730,3079731,M31516
chr3,4776995,4776996,M32634
chr3,7215945,7215946,M34477
chr3,9023959,9023960,M35254
chr3,2875244,2875245,M35500
chr3,9026396,9026397,M35716
chr3,1956382,1956383,M37391
chr3,12116574,12116575,M37835
chr3,11588289,11588290,M38316
chr3,11093162,11093163,M39018
chr3,9650645,9650646,M39689
chr3,7547152,7547153,M39777
chr3,2142736,2142737,M40240
chr3,7404711,7404712,M40961
chr3,7145975,7145976,M41168
chr3,8887485,8887486,M41441
chr3,9459314,9459315,M42843
chr3,3380698,3380699,M43120
chr3,11212854,11212855,M43736
chr3,12152026,12152027,M44492
chr3,10306179,10306180,M45310
chr3,6223231,6223232,M45347
chr3,10737939,10737940,M45542
chr30,5616082,5616083,M58
chr30,6146310,6146311,M630
chr30,6382958,6382959,M1635
chr30,5183197,5183198,M4741
chr30,2395882,2395883,M5817
chr30,1956146,1956147,M7846
chr30,2183098,2183099,M9046
chr30,882395,882396,M11071
chr30,858811,858812,M11856
chr30,6510567,6510568,M12578
chr30,5500735,5500736,M14413
chr30,1660167,1660168,M14884
chr30,2044254,2044255,M15718
chr30,4336416,4336417,M16342
chr30,2139659,2139660,M17054
chr30,1977759,1977760,M17927
chr30,2053777,2053778,M22010
chr30,565956,565957,M22484
chr30,6326718,6326719,M24141
chr30,3424561,3424562,M25254
chr30,3622609,3622610,M27607
chr30,6188809,6188810,M28259
chr30,1384274,1384275,M28323
chr30,5478926,5478927,M32146
chr30,724893,724894,M32661
chr30,5950671,5950672,M32984
chr30,2174305,2174306,M33606
chr30,3459296,3459297,M34424
chr30,4083869,4083870,M35063
chr30,3458248,3458249,M35981
chr30,4263343,4263344,M35996
chr30,3215434,3215435,M36906
chr30,2965169,2965170,M39347
chr30,5428155,5428156,M41651
chr30,979194,979195,M42365
chr30,5515226,5515227,M42376
chr31,2465501,2465502,M991
chr31,1659037,1659038,M2886
chr31,2740715,2740716,M3669
chr31,2682408,2682409,M7489
chr31,930830,930831,M7665
chr31,4200679,4200680,M8265
chr31,3243447,3243448,M10002
chr31,1372216,1372217,M10409
chr31,1646720,1646721,M10430
chr31,1501089,1501090,M11622
chr31,4053896,4053897,M13287
chr31,6267924,6267925,M18587
chr31,2220445,2220446,M18980
chr31,2195199,2195200,M19963
chr31,2682494,2682495,M20785
chr31,3480902,3480903,M23916
chr31,4399283,4399284,M26133
chr31,2814040,2814041,M29120
chr31,1851537,1851538,M31565
chr31,3480988,3480989,M33253
chr31,3243533,3243534,M34453
chr31,1929321,1929322,M34610
chr31,6268010,6268011,M37184
chr31,2933314,2933315,M37522
chr31,4451955,4451956,M37842
chr31,806590,806591,M38005
chr31,1898303,1898304,M38775
chr31,203260,203261,M38821
chr31,6304085,6304086,M39849
chr31,3731126,3731127,M42932
chr31,6290224,6290225,M43442
chr31,2572457,2572458,M43646
chr31,876251,876252,M43767
chr31,1372130,1372131,M44679
chr31,2740629,2740630,M44760
chr32,5451131,5451132,M368
chr32,1144479,1144480,M5841
chr32,1309030,1309031,M7287
chr32,5641176,5641177,M9977
chr32,2394247,2394248,M11493
chr32,2465954,2465955,M17348
chr32,464461,464462,M18462
chr32,5879765,5879766,M19695
chr32,2331481,2331482,M20269
chr32,1073751,1073752,M22841
chr32,1927364,1927365,M24818
chr32,2398653,2398654,M27118
chr32,1314572,1314573,M28243
chr32,997933,997934,M29582
chr32,1359499,1359500,M29986
chr32,1754993,1754994,M30552
chr32,1685852,1685853,M31340
chr32,4874863,4874864,M31886
chr32,2476105,2476106,M33445
chr32,4176534,4176535,M34333
chr32,4261131,4261132,M35726
chr32,571200,571201,M36258
chr32,914736,914737,M36782
chr32,2185686,2185687,M38590
chr32,640644,640645,M38604
chr32,3847379,3847380,M39302
chr32,1314486,1314487,M40148
chr32,1367064,1367065,M43468
chr32,2025698,2025699,M45812
chr33,4429963,4429964,M354
chr33,3561050,3561051,M1664
chr33,4503136,4503137,M5892
chr33,1956601,1956602,M6468
chr33,5228927,5228928,M8973
chr33,1981251,1981252,M9018
chr33,3652994,3652995,M16484
chr33,4225497,4225498,M16579
chr33,4529545,4529546,M19705
chr33,3726016,3726017,M19930
chr33,3169513,3169514,M22287
chr33,1898994,1898995,M22466
chr33,1154177,1154178,M24161
chr33,3729075,3729076,M24840
chr33,4542070,4542071,M27950
chr33,1983425,1983426,M29642
chr33,3293515,3293516,M30558
chr33,1983339,1983340,M31488
chr33,3570571,3570572,M32980
chr4,9994301,9994302,M71
chr4,7091603,7091604,M539
chr4,6482780,6482781,M977
chr4,9786202,9786203,M1526
chr4,8744950,8744951,M4272
chr4,3304827,3304828,M4904
chr4,632293,632294,M5064
chr4,1870937,1870938,M5331
chr4,2884814,2884815,M7006
chr4,7099423,7099424,M7255
chr4,9871740,9871741,M8377
chr4,10726013,10726014,M8862
chr4,2598029,2598030,M8961
chr4,4552574,4552575,M9306
chr4,1713710,1713711,M9422
chr4,915684,915685,M9741
chr4,3307112,3307113,M9938
chr4,616216,616217,M12726
chr4,5362518,5362519,M12783
chr4,9929007,9929008,M13010
chr4,9517100,9517101,M13811
chr4,10922453,10922454,M14307
chr4,9272293,9272294,M14449
chr4,3340771,3340772,M14628
chr4,1559672,1559673,M16299
chr4,9419337,9419338,M18340
chr4,2174089,2174090,M18637
chr4,11433804,11433805,M19432
chr4,2430922,2430923,M19669
chr4,8054489,8054490,M20024
chr4,11319273,11319274,M20339
chr4,4047387,4047388,M21584
chr4,3996635,3996636,M21810
chr4,54800,54801,M23366
chr4,4569622,4569623,M23455
chr4,9975241,9975242,M23846
chr4,2849878,2849879,M24869
chr4,4186878,4186879,M25481
chr4,2108325,2108326,M26180
chr4,10664305,10664306,M26402
chr4,3342256,3342257,M27519
chr4,11663199,11663200,M28387
chr4,5798401,5798402,M29975
chr4,1679013,1679014,M30688
chr4,6730078,6730079,M30737
chr4,1894492,1894493,M31723
chr4,2467208,2467209,M31771
chr4,8054489,8054490,M32321
chr4,10784890,10784891,M34455
chr4,11485968,11485969,M34733
chr4,2833987,2833988,M35059
chr4,3384257,3384258,M36116
chr4,3328776,3328777,M36219
chr4,1713796,1713797,M36266
chr4,9277176,9277177,M36284
chr4,622226,622227,M36328
chr4,1128338,1128339,M36991
chr4,8152580,8152581,M37010
chr4,4552660,4552661,M37121
chr4,7347002,7347003,M37256
chr4,6737506,6737507,M38059
chr4,10288110,10288111,M38457
chr4,1265673,1265674,M38826
chr4,10829617,10829618,M40399
chr4,1704145,1704146,M41238
chr4,2449116,2449117,M41377
chr4,6408581,6408582,M41742
chr4,2190830,2190831,M41939
chr4,799834,799835,M42333
chr4,4076145,4076146,M42819
chr4,1179806,1179807,M43602
chr4,9587528,9587529,M43900
chr4,9517014,9517015,M44423
chr4,9994387,9994388,M44509
chr4,10665965,10665966,M44516
chr4,2190916,2190917,M44600
chr4,762230,762231,M44931
chr4,559082,559083,M45201
chr5,10306207,10306208,M1627
chr5,11125775,11125776,M2465
chr5,276636,276637,M2591
chr5,3190921,3190922,M3164
chr5,9368017,9368018,M3281
chr5,10601673,10601674,M5157
chr5,7237101,7237102,M5407
chr5,1509815,1509816,M6180
chr5,420703,420704,M8624
chr5,9858758,9858759,M9149
chr5,4230045,4230046,M10814
chr5,436167,436168,M12234
chr5,8991560,8991561,M13250
chr5,7925738,7925739,M16393
chr5,9972942,9972943,M16961
chr5,7412414,7412415,M17070
chr5,9319919,9319920,M20412
chr5,2464998,2464999,M21127
chr5,10305756,10305757,M23533
chr5,2168856,2168857,M25446
chr5,885674,885675,M25950
chr5,1509901,1509902,M27453
chr5,76147,76148,M28463
chr5,8444417,8444418,M32554
chr5,5480037,5480038,M34004
chr5,11019905,11019906,M35150
chr5,9012153,9012154,M35634
chr5,345007,345008,M36563
chr5,9836543,9836544,M36882
chr5,10138843,10138844,M38491
chr5,4314918,4314919,M39219
chr5,9674988,9674989,M40482
chr5,7186536,7186537,M40610
chr5,1300445,1300446,M41813
chr5,419657,419658,M42954
chr5,10083929,10083930,M43791
chr5,3580997,3580998,M44064
chr5,10976107,10976108,M44741
chr5,11125689,11125690,M45057
chr6,8818065,8818066,M552
chr6,10560222,10560223,M1665
chr6,713613,713614,M1684
chr6,9914907,9914908,M3442
chr6,10518045,10518046,M3536
chr6,9941497,9941498,M4687
chr6,2054384,2054385,M5354
chr6,6079924,6079925,M6764
chr6,8632721,8632722,M7790
chr6,6626086,6626087,M10119
chr6,3448708,3448709,M10207
chr6,2448231,2448232,M10332
chr6,1394059,1394060,M11771
chr6,2675692,2675693,M12549
chr6,4348279,4348280,M13504
chr6,5166560,5166561,M14240
chr6,1234857,1234858,M14356
chr6,505839,505840,M15644
chr6,3272781,3272782,M16373
chr6,6060264,6060265,M19647
chr6,8797156,8797157,M19866
chr6,9649549,9649550,M19969
chr6,4325209,4325210,M21672
chr6,857688,857689,M22567
chr6,9093411,9093412,M24851
chr6,2493644,2493645,M25308
chr6,8366815,8366816,M26466
chr6,7314550,7314551,M28183
chr6,1871940,1871941,M28485
chr6,2357765,2357766,M29349
chr6,1557614,1557615,M29602
chr6,4549188,4549189,M30039
chr6,3083960,3083961,M31732
chr6,7894160,7894161,M32615
chr6,2476014,2476015,M32970
chr6,6945739,6945740,M33328
chr6,7538919,7538920,M33507
chr6,6097420,6097421,M33590
chr6,7416416,7416417,M34557
chr6,10565527,10565528,M34607
chr6,3346835,3346836,M36232
chr6,6316267,6316268,M37584
chr6,10552253,10552254,M37747
chr6,9962561,9962562,M38872
chr6,513450,513451,M39401
chr6,4071061,4071062,M40114
chr6,3966942,3966943,M41555
chr6,8591006,8591007,M43310
chr6,8745282,8745283,M45086
chr6,10552167,10552168,M45348
chr6,6336148,6336149,M45702
chr7,2764760,2764761,M407
chr7,71392,71393,M11619
chr7,3935962,3935963,M21464
chr7,1358860,1358861,M24052
chr7,1044557,1044558,M25542
chr7,655235,655236,M26544
chr7,4752077,4752078,M38147
chr8,2246039,2246040,M56
chr8,3065681,3065682,M2345
chr8,3268367,3268368,M8363
chr8,5823035,5823036,M8697
chr8,8582586,8582587,M9740
chr8,8582174,8582175,M10822
chr8,243026,243027,M12995
chr8,8450418,8450419,M13280
chr8,3737122,3737123,M13697
chr8,2332423,2332424,M13973
chr8,1791825,1791826,M15151
chr8,3469465,3469466,M15932
chr8,3732267,3732268,M16657
chr8,3594234,3594235,M16807
chr8,1963561,1963562,M18510
chr8,5241318,5241319,M19116
chr8,4960903,4960904,M20455
chr8,6875059,6875060,M21008
chr8,1143268,1143269,M21364
chr8,1156177,1156178,M21661
chr8,9778529,9778530,M23029
chr8,9778615,9778616,M23227
chr8,5842373,5842374,M24697
chr8,2241054,2241055,M25438
chr8,1465530,1465531,M26139
chr8,9392497,9392498,M27216
chr8,7437033,7437034,M27413
chr8,3536636,3536637,M28182
chr8,3111408,3111409,M28299
chr8,6960617,6960618,M28688
chr8,10672082,10672083,M28801
chr8,4895647,4895648,M29195
chr8,8706709,8706710,M29321
chr8,10674747,10674748,M30262
chr8,6496070,6496071,M30363
chr8,8659707,8659708,M31546
chr8,10455203,10455204,M32452
chr8,6632456,6632457,M33352
chr8,8450504,8450505,M34208
chr8,7388940,7388941,M36546
chr8,742370,742371,M38713
chr8,4132025,4132026,M38911
chr8,3594148,3594149,M41586
chr8,4793623,4793624,M41592
chr8,6290703,6290704,M42091
chr8,3038326,3038327,M42137
chr8,5249889,5249890,M44528
chr8,3598181,3598182,M44816
chr8,6782483,6782484,M45175
chr8,1268306,1268307,M45315
chr9,9460794,9460795,M232
chr9,9905037,9905038,M1394
chr9,7469137,7469138,M1492
chr9,7153193,7153194,M2517
chr9,5087641,5087642,M2585
chr9,8824989,8824990,M3341
chr9,9735853,9735854,M3651
chr9,2433388,2433389,M5474
chr9,5276623,5276624,M9179
chr9,945049,945050,M11715
chr9,4727860,4727861,M12866
chr9,3210744,3210745,M13623
chr9,2260700,2260701,M14027
chr9,2278804,2278805,M16589
chr9,2715342,2715343,M18401
chr9,970425,970426,M18888
chr9,3573629,3573630,M19027
chr9,7746517,7746518,M19901
chr9,8257366,8257367,M19966
chr9,9132895,9132896,M20535
chr9,6013461,6013462,M21079
chr9,2654615,2654616,M22570
chr9,4239722,4239723,M25623
chr9,8099018,8099019,M26011
chr9,9301727,9301728,M27007
chr9,1334384,1334385,M27888
chr9,1748483,1748484,M28459
chr9,386856,386857,M29833
chr9,2240869,2240870,M30246
chr9,9338826,9338827,M31037
chr9,4748893,4748894,M31268
chr9,1377486,1377487,M32676
chr9,10155760,10155761,M33633
chr9,4103382,4103383,M35269
chr9,4643940,4643941,M36419
chr9,1648514,1648515,M36783
chr9,9728882,9728883,M38769
chr9,1250466,1250467,M39789
chr9,5563849,5563850,M39924
chr9,2240190,2240191,M40014
chr9,7828394,7828395,M40063
chr9,8984694,8984695,M44052
chr9,9791709,9791710,M44056
chr9,637893,637894,M45219
